{
  "assetsByChunkName": {
    "vendors~app-account~app-confirmation~app-order": "chunk.dc81e89fe07b016c9f06.js",
    "vendors~app-account~app-checkout": "chunk.2836749c6a79cda3893d.js",
    "vendors~app-cart~app-checkout": "chunk.9327aca120f27b167443.js",
    "admin": [
      "admin.35718ab357cedcae487f.js",
      "admin.35718ab357cedcae487f.js.map"
    ],
    "app-account": "chunk.ccb8a747e06ddd45a546.js",
    "app-checkout": "chunk.58a8d70fbdfda7e96708.js",
    "app-confirmation": "chunk.a27ae09eadee3b20547f.js",
    "checkout": [
      "checkout.afc582dec416d93d7e78.js",
      "checkout.afc582dec416d93d7e78.js.map"
    ],
    "storefront": [
      "storefront.ebe325cf48e98b659074.css",
      "storefront.80b5e5ce45069b58c1d7.js",
      "storefront.ebe325cf48e98b659074.css.map",
      "storefront.80b5e5ce45069b58c1d7.js.map"
    ],
    "vendors~app-cart": "chunk.1bf4734e4782cfb71998.js",
    "vendors~app-order": "chunk.c8c7ae9b26ef02731685.js"
  }
}