{
  "marketing_stripe": {
    "text": "",
    "link": ""
  },
  "contacts_stripe": {
    "pages": [],
    "phone_wpp": true,
    "socials": true
  },
  "categories_list": {
    "featured": [
      "/infanto-juvenil?Infanto-Juvenil",
      "/brincos?Brincos",
      "/colares?Colares",
      "/braceletes?Braceletes",
      "/pulseira?Pulseira",
      "/objetos?Objetos"
    ],
    "random": 0,
    "full_width": false
  },
  "desktop_megamenu": false,
  "search_input": true,
  "alphabetical_order_submenu": false,
  "full_width_submenu": false
}