{
  "meta_title": "",
  "meta_description": "",
  "sections": [
    {
      "type": "info-bar",
      "enabled": true
    },
    {
      "type": "banners-grid",
      "banners": [
        {
          "img": "/img/uploads/site2.jpeg"
        },
        {
          "img": "/img/uploads/site1.jpeg"
        }
      ]
    },
    {
      "type": "collection-shelf",
      "shuffle": true,
      "limit": 12,
      "page": 1,
      "collection_id": "662d2ac6ee85900185ee57bd:collections:Solar:/solar"
    },
    {
      "type": "collection-shelf",
      "shuffle": false,
      "collection_id": "620420057963422eeef6aa37:collections:Queridinhos:/queridinhos",
      "sort": "news",
      "title": "",
      "headless": false,
      "limit": 17,
      "page": 1
    },
    {
      "type": "dynamic-showcase",
      "load_more": false,
      "sort": "news"
    }
  ]
}